{
  "num_samples": 2000,
  "cosine_mean": 0.806551426999271,
  "mse_mean": 0.02460269404912833,
  "mae_mean": 0.10808804349415005,
  "psnr_mean": 16.981968997955324,
  "ssim_mean": 0.5549031105563045,
  "lpips_mean": NaN
}